h5_path,file_id,training_group,scan_id,firstorder 10Percentile,firstorder 90Percentile,firstorder Energy,firstorder Entropy,firstorder InterquartileRange,firstorder Kurtosis,firstorder Maximum,firstorder MeanAbsoluteDeviation,firstorder Mean,firstorder Median,firstorder Minimum,firstorder Range,firstorder RobustMeanAbsoluteDeviation,firstorder RootMeanSquared,firstorder Skewness,firstorder TotalEnergy,firstorder Uniformity,firstorder Variance,glcm Autocorrelation,glcm ClusterProminence,glcm ClusterShade,glcm ClusterTendency,glcm Contrast,glcm Correlation,glcm DifferenceAverage,glcm DifferenceEntropy,glcm DifferenceVariance,glcm Id,glcm Idm,glcm Idmn,glcm Idn,glcm Imc1,glcm Imc2,glcm InverseVariance,glcm JointAverage,glcm JointEnergy,glcm JointEntropy,glcm MCC,glcm MaximumProbability,glcm SumAverage,glcm SumEntropy,glcm SumSquares,gldm DependenceEntropy,gldm DependenceNonUniformity,gldm DependenceNonUniformityNormalized,gldm DependenceVariance,gldm GrayLevelNonUniformity,gldm GrayLevelVariance,gldm HighGrayLevelEmphasis,gldm LargeDependenceEmphasis,gldm LargeDependenceHighGrayLevelEmphasis,gldm LargeDependenceLowGrayLevelEmphasis,gldm LowGrayLevelEmphasis,gldm SmallDependenceEmphasis,gldm SmallDependenceHighGrayLevelEmphasis,gldm SmallDependenceLowGrayLevelEmphasis,glrlm GrayLevelNonUniformity,glrlm GrayLevelNonUniformityNormalized,glrlm GrayLevelVariance,glrlm HighGrayLevelRunEmphasis,glrlm LongRunEmphasis,glrlm LongRunHighGrayLevelEmphasis,glrlm LongRunLowGrayLevelEmphasis,glrlm LowGrayLevelRunEmphasis,glrlm RunEntropy,glrlm RunLengthNonUniformity,glrlm RunLengthNonUniformityNormalized,glrlm RunPercentage,glrlm RunVariance,glrlm ShortRunEmphasis,glrlm ShortRunHighGrayLevelEmphasis,glrlm ShortRunLowGrayLevelEmphasis,glszm GrayLevelNonUniformity,glszm GrayLevelNonUniformityNormalized,glszm GrayLevelVariance,glszm HighGrayLevelZoneEmphasis,glszm LargeAreaEmphasis,glszm LargeAreaHighGrayLevelEmphasis,glszm LargeAreaLowGrayLevelEmphasis,glszm LowGrayLevelZoneEmphasis,glszm SizeZoneNonUniformity,glszm SizeZoneNonUniformityNormalized,glszm SmallAreaEmphasis,glszm SmallAreaHighGrayLevelEmphasis,glszm SmallAreaLowGrayLevelEmphasis,glszm ZoneEntropy,glszm ZonePercentage,glszm ZoneVariance,ngtdm Busyness,ngtdm Coarseness,ngtdm Complexity,ngtdm Contrast,ngtdm Strength
data_MRI\test\mri_00000273.h5,mri_00000273,test,273,538.0,1321.0,1556741322534.0,5.420472177746174,514.0,2.1281023414729443,2692.0,260.55297211027425,917.5099000518214,883.0,82.0,2610.0,206.54782826876746,966.2867854845135,-0.14586419929803876,1556741322534.0,0.026502318456133,91885.73510889082,1319.3399753088113,640896.2562988786,-1717.9550244686752,550.5888451651844,26.914516550471088,0.9066954990968649,3.6506644388717433,3.4243877466672354,13.237633939037908,0.37401959291459685,0.2954511027237609,0.9975928775118865,0.9674514967533383,-0.24660165982516616,0.9611357705890812,0.2844226269960012,34.47345338699965,0.0025536438082021315,9.476438355562198,0.9166089883965873,0.013328260902726059,68.94690677399936,6.384812094174337,144.3758404289139,8.440611755990874,212075.46024264905,0.12719968777748997,10.245315286310126,44186.361478446124,147.08507797760342,1318.105132720433,29.305372154619786,55787.76365350658,0.0814200957193449,0.0022401859096542673,0.21688966216738034,237.07377338481172,0.0004650882344882954,37414.882785374124,0.025776733098611244,140.79900949102344,1262.7417628177363,1.5394676189405276,2206.7995092366173,0.00358778098550622,0.0021986988855231195,6.0374768141415425,1146779.941893569,0.7894515446954263,0.8705468267865105,0.21766249583404337,0.9087642446933264,1114.9874491445398,0.0019736366173576736,10397.573898429599,0.026158866398717912,110.40122892493622,1058.7440990444754,39376.48233109757,98767249.53203951,17.39151890209101,0.0022068695692203065,136454.8120097213,0.343301546273558,0.6063368080499385,654.6202741412944,0.0013131304742112768,7.756847211545336,0.2384013569536678,39358.88760323731,15.255198930699823,1.4086722031134004e-05,8720.357148826395,0.05524315993345906,0.07968661931332748
data_MRI\test\mri_00041615.h5,mri_00041615,test,41615,513.0,1350.0,1571023970487.0,5.522757287706049,501.0,2.327546774163428,3147.0,265.42721251597663,918.2678298097961,880.0,118.0,3029.0,204.2699855487175,970.7093645028631,-0.06566312876831865,1571023970487.0,0.024222198198736222,99060.8630699597,1263.5676109756973,811870.5887552311,-963.8324485128627,594.7941063004887,28.87917349407708,0.9073033481726174,3.8815080692185377,3.4832908270788754,13.436013394216435,0.3453999592577872,0.26000338861147426,0.9980830297475366,0.9699664705051336,-0.23443253022394547,0.9578786441703102,0.2618335484753511,33.49755901469349,0.0017968219774347897,9.728969990307872,0.9123425553787254,0.007173524646815291,66.99511802938706,6.480200374207557,155.91831994864117,8.350265052485126,250374.8929695597,0.1501711144543154,5.340539051297759,40384.79905761775,158.58559176520583,1264.1977899120955,19.07332851905877,30878.942770910904,0.04584539109193012,0.0022509997171980727,0.23320466668896264,261.5278962457989,0.0005148790823086757,35863.21385326499,0.024008521180295353,154.61230242003745,1238.127442531149,1.3931316527654194,1834.1650514424962,0.0031628465541022194,0.002240613720819411,6.051197599938359,1224805.2106921605,0.8194461274751892,0.8959316211838909,0.14586202019268898,0.9236042602659167,1126.9237184983085,0.002062280033047416,10477.163159377043,0.024386536196059957,127.76991386765766,1085.735585819393,17672.443149787374,45450307.01159372,7.841800129570289,0.0022378377710337055,143877.42174527326,0.33488759312167765,0.5986779976527133,662.9379956851388,0.001331807307608659,7.909462042202095,0.2576850456796284,17657.38326780368,11.904730261320347,1.419683977564787e-05,15960.956724243646,0.040538639950101325,0.16849367175571706
data_MRI\test\mri_00062974.h5,mri_00062974,test,62974,532.0,1359.0,1548661594826.0,5.522763806570509,460.0,2.6142455543658794,3592.0,254.70264167035015,913.6850180895167,867.0,105.0,3487.0,191.27840538595444,963.7759345508458,0.09169010273460261,1548661594826.0,0.0245833085044043,94043.73973811576,1243.1664807514028,794432.7403555585,1321.7621990062669,562.7425399506599,29.59729248314511,0.8999829918940877,3.8505191967651373,3.478028031457979,14.383905483209569,0.3517543151868726,0.2679482452271706,0.9985098679085997,0.9738871006992493,-0.23484900060503466,0.9577881053656809,0.2674167310871842,33.3148293614976,0.0018256501446695763,9.7257497370361,0.9127903566388962,0.006959092743242079,66.62965872299526,6.4801898687079404,148.084958108451,8.421752676968218,240972.44655315534,0.1445316677821601,6.231412650414777,40986.865270287126,150.5472402670615,1243.9866331906644,21.025540046447354,34982.077552205286,0.0431430690004222,0.0021646137587594937,0.22755920682995112,248.85937853721973,0.0005140052459940167,36377.94543058161,0.024501042683682563,146.3828786838023,1212.59452340613,1.4229557097653611,1862.5761353794073,0.0030470457867393043,0.0021736584489368263,6.06660344407698,1208039.2817671984,0.8130634477823648,0.8905264045673722,0.16023604210855483,0.9204677146423552,1096.8223447967794,0.002004691200302233,10223.254112368384,0.02450344571857902,129.15941831762714,1060.0720728062374,11774.088308961524,31225285.860926088,4.899232569540618,0.0023454374905578657,140251.0730698893,0.33615857711907543,0.5999326570055402,648.7950723786419,0.0013895474304170265,7.915357178432839,0.2502405137998541,11758.119050358415,9.95286132499533,1.4429093838228543e-05,22265.91324474896,0.028724319126664233,0.2851170873562042
data_MRI\test\mri_00078322.h5,mri_00078322,test,78322,296.0,1438.0,1572013569105.0,5.879033570470495,665.0,1.9441520898705773,2995.0,346.4590460302244,881.929210371003,909.0,122.0,2873.0,271.3836744417038,971.0150445679546,0.007255255154840281,1572013569105.0,0.01779222210353529,165071.08467168623,1260.4852443608465,1974189.923716627,-328.50611961288945,1004.9191599692035,53.884400389891,0.8982287518930593,5.291207964969004,3.9082065701102597,25.136609439207692,0.29827053187789215,0.2128814957755865,0.9960737908683703,0.9579557451115097,-0.21111306820976536,0.9528681812463997,0.21475413277300223,31.98007267811228,0.0010230645186193063,10.51567658204333,0.9010288450448005,0.007423463037900689,63.960145356224594,6.853628697327027,264.7008900897741,8.488134662648019,299661.74701546965,0.1797326320339608,4.831809691413814,29664.331393228666,264.2023673019057,1275.2500731737746,14.90419753560324,16585.252997725616,0.16193857406265594,0.004542201972483635,0.31254948285968936,381.54857231792954,0.0008789016936951167,27032.679172393764,0.017693071033794642,255.1736068705262,1280.0718147783468,1.306569737037102,1646.652687597032,0.006914109502736588,0.004201818906829429,6.314175740867055,1305181.2354199828,0.8538935632748132,0.9163960559612357,0.11485770988922694,0.9394675395590094,1204.4338009159806,0.0037391638107299287,11696.838901719959,0.01960445108074852,191.06980192543546,1214.977554379343,2079.047200834001,334616.5410212489,52.7837012686634,0.0026630210781502348,233017.64878771524,0.39054851785109873,0.6488292469606418,769.4582887486112,0.0016861538342738192,7.875643772707793,0.35785694407124485,2071.2384583289077,17.42835470620401,1.4058214905568306e-05,15711.274912421073,0.11251651803333425,0.09468355036783963
data_MRI\test\mri_00087269.h5,mri_00087269,test,87269,528.0,1320.0,1540401800437.0,5.455430429067739,492.0,2.1662141248971634,2846.0,255.15809029921996,913.0551028511381,881.0,118.0,2728.0,198.09886987221435,961.2023465097162,-0.12311022026547716,1540401800437.0,0.025316196627098067,90240.33009328214,1234.3208363286628,635020.7329343506,-1466.6694338741966,543.2250377703739,27.369608674845512,0.9039950219405903,3.753131100946016,3.4434908556730046,12.918086529692765,0.35536558657285666,0.2717950984239018,0.9977678315826746,0.9679455511867057,-0.2348396417085523,0.9565536776544981,0.2715442944391971,33.246884264769015,0.0019992516236052482,9.610086074260145,0.9092065068794919,0.008482091996448093,66.49376852953813,6.4166389873560234,142.64866161130496,8.357287584460286,237236.0453233561,0.14229063023213848,6.2280653678925315,42208.783253282025,144.47217188224354,1236.2585367404322,21.33899250508618,34439.99251768166,0.045014754627213875,0.002157964246265952,0.22366674056122937,242.1817384316553,0.00048045169946693545,37060.92373922309,0.025005014049281522,140.57754982138985,1206.6260727529714,1.428787279578273,1851.9244307233905,0.0030705445802270575,0.0021606489077830374,6.011325943180119,1201226.2122491312,0.8099236961788486,0.8889508615496822,0.16162566294495478,0.9190095328196566,1090.3284735113582,0.001986162346955384,10470.800049346404,0.025579026432930186,114.48712699685191,1048.4918737220626,18280.062669933628,44847043.53707942,8.286577271958155,0.002206626045553956,136939.44294016625,0.33452817494073855,0.5982461517322851,638.7738290701863,0.0012859744885052738,7.840798090642519,0.24552260469847606,18263.47379112358,15.459526590744154,1.4049690525233726e-05,9738.762224488932,0.0523853810660395,0.08980085061679825
data_MRI\test\mri_00099700.h5,mri_00099700,test,99700,317.0,1422.0,1566622650543.0,5.82275395815204,621.0,2.0429877861153583,2947.0,323.6626960465485,888.1192426634294,897.0,91.0,2856.0,247.22731713398724,969.3486599195893,-0.08845204192094666,1566622650543.0,0.018545688522822762,150881.03529884,1323.7046972234812,1735022.046668313,-2652.7327360043255,919.6280199242597,44.686735524481506,0.9073098053932755,4.776684568426621,3.7726648019991864,21.238090776434618,0.31863314857014724,0.23450756842237233,0.9966813173554537,0.9614952525632504,-0.229622786004087,0.9611197376353282,0.23412341750017382,33.24105611977619,0.0011428021459085529,10.302527757102158,0.9137376037019208,0.005460796845285934,66.48211223955246,6.80249421934134,241.07868886218577,8.547881195085594,270959.9201254271,0.16251770572952276,5.942754225467316,30920.558829315574,241.48867731694037,1333.449092645196,17.944308759740508,27047.9848962132,0.1715275166566182,0.004023757573095457,0.283426856341913,326.39702054561155,0.0007695273803889313,28076.94979415997,0.018603725665444472,230.8726115359179,1315.5267339286058,1.358556405500965,1852.348203760752,0.0064635903322987,0.0037094936893453034,6.294589172809037,1264410.9501751524,0.8373151455675314,0.9052182313243549,0.13685450207678984,0.9318052035790191,1212.8560920541663,0.0032759410457138816,11302.581573989442,0.021083365804229592,166.05612141164727,1116.1096476337927,3457.966542931224,7379060.04486187,39.01925196948948,0.002638099215809258,202613.05601298288,0.3779459717826911,0.6377726202832802,703.6829081033557,0.001649164465014523,7.84369944966467,0.3215387605082338,3448.2941633082437,14.171458757192715,1.506183505273865e-05,14793.310618961303,0.0892307382544868,0.10499338582322915
data_MRI\test\mri_00105756.h5,mri_00105756,test,105756,518.0,1332.0,1516644951372.0,5.482492532284138,496.0,2.206259493799805,3326.0,259.78206929616124,903.0331753099689,854.0,88.0,3238.0,201.19053237951482,953.7614735033677,-0.010447820530471979,1516644951372.0,0.025313300741400917,94192.0326289102,1281.6104225766785,687844.5168848493,24.783804361272608,562.9941252694836,29.799767034578352,0.8993680994643765,3.8400950520636417,3.486320075387491,14.676539612483406,0.3598223503482378,0.278639149212867,0.9982844332156529,0.972282174450062,-0.23619841251134782,0.9577518552476119,0.27311078142598516,33.8867154474112,0.002088474589559029,9.643802803722442,0.9115289564557242,0.009649391663675752,67.77343089482262,6.443872557156495,148.1984730760154,8.435191481351712,227788.1731771333,0.1366239378869413,8.199137215404871,42203.95504731104,150.79060293798662,1282.5248275018234,24.745253301216845,45223.19033698322,0.03814646505434595,0.0019304300676195553,0.2272258192303815,248.9091093501183,0.0004663640466440342,36781.18030665523,0.025011415749590364,145.41627778908122,1237.802693823483,1.4726957274246415,2028.238530845361,0.002739166985818795,0.0019606524912535537,6.0565371095636165,1182263.1751508927,0.8033696389248617,0.8820118561815138,0.18533490735262026,0.9156826679220335,1106.8474788012109,0.0018114771802019915,10381.497370790392,0.024858955046718496,121.73673880171886,1062.375692023294,22414.071323895638,57952390.87629785,9.094741192922958,0.002121551514148201,144179.87087659477,0.3452450837051137,0.6082472629238393,660.5447765717445,0.0012595351487096785,7.816124160571668,0.2504798280296342,22398.13256551441,12.423907052831346,1.3650577829025828e-05,15679.024806103494,0.040438851779462756,0.1572368207037373
data_MRI\test\mri_00135829.h5,mri_00135829,test,135829,458.0,1412.0,1599388942715.0,5.67235634497543,519.0,2.3022362555811,3684.0,285.95701880032715,916.446794868719,874.0,79.0,3605.0,214.34736418751015,979.433283206181,-0.013156871800759957,1599388942715.0,0.021850671103022412,119414.8284268913,1357.9991094923985,1163743.2152078634,-241.66155598957596,714.9890263856962,35.66648095468934,0.9048780395688455,4.240614580740995,3.6142355736970107,17.223411382118318,0.33866741099493297,0.2551704288067263,0.9983231189033238,0.9723166941423637,-0.23400596698468062,0.9603794070044385,0.25302075422681886,34.46976992882146,0.0015361603010351857,9.993750901684411,0.9122090893723065,0.006774484968282086,68.93953985764313,6.638451722089415,187.66387683509623,8.518001469113056,251029.18220269855,0.15056354734625024,6.7684082484383294,36430.83730590956,191.15466690279192,1359.288260287513,20.68998670876358,39626.538026371345,0.06174552707226943,0.0026370620991010727,0.25169620217501204,299.7972830567703,0.0006070863230368959,32547.87171679134,0.02181312255089535,183.84016300495847,1319.817406007648,1.4069317324000172,2030.9622433990116,0.003791754588527973,0.0026069124163750367,6.1907796226869385,1227110.7164012,0.8218962409033348,0.8949552634182063,0.15688913077505515,0.9245903605417829,1196.5041942541864,0.002390211291366336,10480.533870497844,0.02228729554999361,150.1281155252112,1159.5754401410322,8213.915223276279,24698213.287331976,4.007838289507579,0.002411371195046099,166542.30757665652,0.3541592132999392,0.6165393244783127,729.6901993689883,0.0014655319613354162,7.9112293846851,0.2820471143142298,8201.344603845064,10.610864582204783,1.4166779389561712e-05,22243.754938116253,0.04498735054176351,0.21550776489359766
data_MRI\test\mri_00142010.h5,mri_00142010,test,142010,526.0,1328.0,1543592921668.0,5.467847723244927,491.0,2.3363635708363564,3467.0,257.34972071099253,912.6928212928486,873.0,91.0,3376.0,198.43507279023336,962.1974525540627,-0.08569373614476619,1543592921668.0,0.025509043879736036,92815.75166202796,1305.6062071937288,691613.2446617796,-1087.4349877501563,553.3466828919973,29.22508203091741,0.899560200140048,3.7904996901647316,3.469299758108624,14.484378644397536,0.3629602262249586,0.28222711211512663,0.998438063472073,0.9735848247993051,-0.23688034490590773,0.9576539339156802,0.2763572523960157,34.272051543512106,0.0021309290847259747,9.612580193288872,0.9087690839580186,0.009539886348322792,68.5441030870244,6.430323862874207,145.64294123072835,8.45316675633308,223292.9829481114,0.1339277900489133,8.220671087132057,42530.31053510422,148.5808585458822,1306.4866062003377,25.174064815170244,45395.37668239703,0.04242539817701805,0.00197601904053534,0.22350751293982962,250.82380033607456,0.00046897208478380217,36900.20865803171,0.025146756261448758,143.9709912828518,1264.5374403728733,1.4817544829436136,2064.856217893519,0.0028475155278720374,0.0020002575315744265,6.053463757739115,1175510.495803919,0.8004827945619871,0.8800980805402421,0.18865695737850074,0.9142744087984418,1130.876704122458,0.001842069142581067,10216.419546526073,0.024983174577988695,123.7782269166402,1088.938319818454,24727.358758913462,63190334.90144327,10.237929983644129,0.0021784843762078245,141671.20043430204,0.3464419522910949,0.6094538144348365,675.7855309302915,0.0013005060919697704,7.8208594186918,0.24527129476795517,24710.735868085987,10.758868169393338,1.3880124102290076e-05,18679.650560592872,0.033063436777119204,0.2170593858358028
data_MRI\test\mri_00165362.h5,mri_00165362,test,165362,548.0,1315.0,1524064249441.0,5.424061869730898,474.0,2.2749911955168987,3352.0,246.25860140189818,910.7603516899543,872.0,107.0,3245.0,190.9070600777722,956.091487414495,-0.004116044340901692,1524064249441.0,0.02605649759603146,84626.51409605207,1218.1096393561945,554693.7932833795,107.95700444321625,503.02536479561206,30.995386872071833,0.8838333425334064,3.969224045795963,3.521229750095077,14.86430513030166,0.34681550425191976,0.26296766996133375,0.9982164661517461,0.9713597640103603,-0.21658210882430406,0.9463727967315954,0.2629558261712206,33.16776048745238,0.001951658816164927,9.651376624546225,0.8968092617453995,0.007962433857885113,66.33552097490491,6.378573020857808,133.505187916921,8.289658910754662,244303.90937008176,0.14652982933121675,6.112334445843477,43443.06040794979,135.4874963280417,1221.243088077233,20.41969478139035,33348.21877639054,0.028761456286533604,0.001864321510549671,0.23694421077926772,251.29929923555426,0.000500860306614279,38400.033901549374,0.025791677183281972,132.29345559518424,1190.0894204415124,1.409899650145997,1810.9064510255348,0.0025249532102911577,0.001899904000714547,5.963767813543256,1216192.4722711523,0.8163924983714336,0.8929804942523984,0.15441855674731825,0.9220960636007133,1077.8068157105643,0.0017737884876752774,11308.345730260542,0.02584918356350444,114.32756045811456,1025.4510645204057,18449.753311053915,44833793.78935434,7.85557664574092,0.0022053851998241783,150860.72425789875,0.34484500623556774,0.6079217440802576,635.3279259997471,0.0013323559707305408,7.77338449213764,0.2623903592952286,18435.228708693332,13.179628194399585,1.260882482091124e-05,17743.165652947948,0.03632496833324753,0.16673887858904196
data_MRI\test\mri_00300760.h5,mri_00300760,test,300760,488.0,1371.0,1560724303118.0,5.591515019577056,510.0,2.313751783376058,3457.0,274.21992483628605,910.6441151491306,865.0,67.0,3390.0,209.68588159097462,967.5221361597413,0.01288252199689639,1560724303118.0,0.023190907556738267,106826.37950336603,1388.3108903401856,905698.7605612715,294.5234948030319,635.6831154942759,37.91756133323432,0.8873322103684593,4.351229213261487,3.6459298182654787,18.553310569647202,0.33087967964979065,0.24578849270847788,0.9980109948215726,0.9700810584765439,-0.21480609084574095,0.949410866245543,0.24778909370343133,35.19754150275116,0.0015680159102796204,9.960204963180594,0.8978602841299262,0.006352320029636067,70.3950830055025,6.548462542763256,168.40016920687756,8.380332455497483,259920.03802757093,0.15589614963651283,5.217799145799388,38665.36529667767,171.00484243765337,1392.1962034806725,17.781648257264596,32734.576298054777,0.02750975023917578,0.0017977500357789877,0.25994317175016735,318.35986900606287,0.0004973949641510584,34618.10578205975,0.023015641772393118,167.18917212612857,1361.2884972386553,1.3651130946985643,1986.7138482180349,0.0024037105488794483,0.001815205504787813,6.09463761764473,1248133.3372043981,0.8294477940227932,0.9021326141326333,0.13534479529852186,0.9283229087591555,1244.1096844181002,0.0016958090032496301,11049.149665534502,0.022911093276133103,143.4069795363405,1182.1626024857858,9209.59925932377,26405793.073335655,3.5351335808413014,0.0019692856848190273,176671.67581522078,0.36633961584205427,0.6275536333168406,758.6317641624577,0.0012197740862256413,7.8184378231424,0.2892535315342981,9197.647202204847,11.606048065894571,1.2605465805823955e-05,23280.03085777127,0.04375357911115324,0.19223938780224792
data_MRI\test\mri_00355280.h5,mri_00355280,test,355280,556.0,1316.0,1509818743227.0,5.428755579757546,458.0,2.606178341006346,3716.0,244.87800646196618,905.8961778098729,858.0,93.0,3623.0,187.4406867431911,951.6126790003404,0.04720101428305629,1509818743227.0,0.026511493774566172,84918.80586366811,1274.5361606955748,627730.2105152973,558.3959783627176,504.5090768511343,29.36453289030534,0.8899097661285554,3.7958741892732792,3.4631113174417445,14.602643315799993,0.35606555604765355,0.2728794468236439,0.998641095828859,0.9752703579297444,-0.22742503079830564,0.9524045297217174,0.2718264627369312,33.99629297192152,0.0020580811570896336,9.595005229052925,0.9024434403929742,0.007302721963570781,67.9925859438433,6.379803682024059,133.4684024353599,8.34291298359583,235375.34297507774,0.14117460880525085,6.502086041900411,44201.65915655829,135.95601268947723,1275.4250232716595,21.825673678553606,36668.55463801773,0.03397524397029461,0.001756615253899016,0.22463231043252746,255.55039377891566,0.00042745912174557867,39000.16559192251,0.02634454529523274,132.30793535320203,1244.2461063065546,1.4348061965284713,1922.022670559344,0.0024684900396624485,0.0017737662887585765,5.985815343759021,1198180.6406532077,0.8088524757662253,0.8879024834422419,0.16476502281611083,0.9184803334430628,1123.6196235501936,0.0016395375605364885,10545.569182597474,0.02577666606193759,118.86845615370886,1107.4370870639652,18464.903686756472,46183355.99777079,8.292932801217175,0.001962680382108097,139535.9823887288,0.3410695391951094,0.6046737020939635,685.9406770097843,0.0011877377425689904,7.830871030834282,0.2453798558596599,18448.295501292425,10.574866324616599,1.3129658091680538e-05,22317.7314042754,0.027005280230702547,0.2661717532284958
data_MRI\test\mri_00378216.h5,mri_00378216,test,378216,494.0,1348.0,1563060816062.0,5.553983266301962,521.0,2.5275646046183042,3976.0,271.8317624387778,913.4848098441519,881.0,88.0,3888.0,211.1381959266988,968.246089308796,-0.04243385399619773,1563060816062.0,0.023591109400730344,103045.99164577066,1323.5176570579022,910710.2719917905,-804.7610639277142,617.299064859913,31.60101842889549,0.9025161905808344,3.962124437668023,3.525184353787568,15.487584350488943,0.3536700213149648,0.27198463756204166,0.9987314944765515,0.9759531087729125,-0.23808687082832902,0.9599384463517661,0.266391871285547,34.30875666793287,0.0018975759630568455,9.763237711831309,0.9127540205482672,0.010122859941321548,68.61751333586598,6.51750976302775,162.2250208222023,8.484203946126163,234291.2728997927,0.1405243997949891,8.202143890534089,39332.60742389927,164.95218120627035,1325.0031020882116,24.127684637825805,45899.96289249933,0.053880986954000475,0.0021723035067612835,0.23661675444242591,264.8049308150974,0.0005070854853754423,34374.98940025893,0.023297021952126094,159.1524269069432,1277.8348529073005,1.4601495353639267,2079.08444298754,0.0031770412282118698,0.0021691546111949397,6.113064411923149,1194253.9749219213,0.8088116545289448,0.8849737792436727,0.18137456141349032,0.9182542721084659,1145.0302562987495,0.001988657400024252,10703.754932228745,0.024334347891449466,130.1269469684208,1080.5096689416225,20767.443839204116,55423778.67492077,8.395105584405183,0.0021984704407038164,152444.5995698651,0.3465736971365226,0.6093678941919469,673.9954454114377,0.00130279240852098,7.833748210433291,0.2638226459636866,20753.076516167985,8.265312918661792,1.460289455906977e-05,29241.72406395135,0.02624279286371,0.402101173981707
data_MRI\test\mri_00448143.h5,mri_00448143,test,448143,302.0,1442.0,1587526801740.0,5.8580475697380185,695.0,1.855842914993823,2900.0,348.7784379955933,886.8725540766189,906.0,109.0,2791.0,276.75693853218087,975.7944566290295,-0.05300226350959922,1587526801740.0,0.017754700750940475,165631.89441355751,1275.823520238358,1896427.7614872355,-1959.2866469018957,1006.4922743645386,52.73680691894412,0.9004174489186985,5.241177036564968,3.8943540046166785,24.542360679877795,0.3000322303024961,0.2148434457064405,0.9959518831101943,0.9572957454396402,-0.21411990928733277,0.9542908616231803,0.21716745076277233,32.208425891051895,0.0010110725890086199,10.458576935186773,0.9052545302156498,0.00527437566545173,64.41685178210385,6.832745156279556,264.8072703208712,8.44836766447497,296280.560959752,0.17770464723028387,4.7929277674673045,29601.773392816016,265.09266091756854,1288.746484659898,14.97423203523857,21901.96317139937,0.170352445445998,0.005263009685256006,0.31176640855402354,351.75041694429626,0.0011155218902250553,27088.57062498314,0.0177424904336814,254.9095082695658,1273.764277283568,1.3081890479949507,1720.3952231262565,0.007838382486140622,0.004931980798700545,6.292182315387586,1301961.0264415985,0.8524316831365877,0.9157378610890473,0.11486184337352424,0.938833215644095,1185.0880934815523,0.004427598730772824,12034.719403930447,0.020273371613468583,178.21040769686508,1099.8196276418328,2372.02893760676,4628547.991471004,32.89351738495908,0.003430803025317782,233972.4402094262,0.39414381577742436,0.6517716811181885,706.515778367197,0.0022043708278700236,7.795428774054295,0.35604559325937585,2364.1405404087145,16.684101131877974,1.3965419202091674e-05,15638.416748379363,0.114880091382777,0.0916276755440981
data_MRI\test\mri_00459453.h5,mri_00459453,test,459453,520.0,1283.0,1483762453449.0,5.402583777658188,488.0,2.094097207717815,2894.0,248.3627734338242,897.7111357289548,868.0,93.0,2801.0,195.69144995897278,943.3655273034474,-0.1121099465914371,1483762453449.0,0.026221919161404903,84053.23489274154,1249.4677480667003,522044.9157137927,-1117.924099797171,504.0101977772901,27.45492998513744,0.8966139213072302,3.780878193906134,3.454379437806897,12.806511155762646,0.353767172619486,0.27014137445909286,0.9978740232942909,0.9685127549562617,-0.22606227432172077,0.9511897956918569,0.2700170551045423,33.620341991313914,0.0020878018449175437,9.563064610289118,0.904171553745647,0.008718065272706927,67.24068398262784,6.359674957257746,132.86628194060717,8.293329238118979,238706.57440453343,0.1431726315715648,6.283082706069358,43718.86182872059,134.5599961259753,1252.015881707996,21.237152604506544,35389.538962635794,0.029514605146661547,0.0017297826044040303,0.22766942723283082,244.68215117117168,0.00043486073962388744,38298.121470742975,0.025817121684713267,131.52848197432118,1219.026101822657,1.4248093529282877,1877.9854909686314,0.0023843793835877126,0.0017577984526240353,5.95737925069867,1204057.021904662,0.8111589163393025,0.8897288750173475,0.16001696032439428,0.9196031276866568,1100.179947738057,0.0016339067227171046,10988.868712706537,0.02619659412245853,108.65036144528018,1035.355154156247,26459.85790877688,62420005.53280633,11.430804536867187,0.001984521657704881,140685.74525659333,0.3353836926853995,0.5989428165992172,632.2374183914455,0.0011712572437102319,7.792360179796327,0.25159602798357067,26444.060260548988,14.522101473740548,1.3247121812392171e-05,12000.175084054024,0.04388305779608853,0.10987696725898366
data_MRI\test\mri_00463457.h5,mri_00463457,test,463457,452.0,1384.0,1591223123594.0,5.638668888261799,522.0,2.27605019820214,3318.0,282.26939552739185,916.071663515796,885.0,84.0,3234.0,213.75906712878773,976.9297928347083,-0.12320613319579077,1591223123594.0,0.022170664637513538,115204.52743146855,1351.0942362919864,1066907.858360381,-2081.796072897909,687.545847313932,33.76732487881061,0.9062618123217976,4.121023649302857,3.5779209422837654,16.3433014862033,0.3459467645370034,0.26361147013030073,0.9980282514274637,0.9701289684801483,-0.23805402957898963,0.9615082439463313,0.2596089972199062,34.46224098322829,0.0016533254004861995,9.908510204854252,0.9139123705337963,0.007583745796879962,68.92448196645684,6.603497822197659,180.3282930481855,8.527676552018944,241662.75226238917,0.14494570281754368,7.508823664432571,36964.35100619938,184.39906673492902,1351.5084869582743,22.456455606310698,43609.65738479329,0.06488804385606427,0.002809662723342071,0.24455997175597644,279.6217433817173,0.0006265136883720844,32718.358399767043,0.02205536789319584,177.47007558650452,1306.0152518365508,1.434052699431042,2074.9858709982846,0.004074342559421796,0.002791030308645962,6.177502653559026,1209969.9860278056,0.8151212915955539,0.8897608943108636,0.16929224657182868,0.9213205470400551,1175.7110270306475,0.002557398308302907,10463.575192419601,0.022977426117284497,141.27361922969044,1106.6963075200106,15543.994040207735,44183663.46921835,7.031259392464816,0.0025808927239935227,160436.81836028854,0.35231028329938086,0.6148210899431881,691.6722776668881,0.0015380948713025519,7.8803477391659,0.2731331090937008,15530.58951908789,11.038886636964731,1.4712971045015673e-05,17991.738973580606,0.047432118015614214,0.17774082521268897
data_MRI\test\mri_00474960.h5,mri_00474960,test,474960,516.0,1380.0,1579874662960.0,5.554567942297851,470.0,2.294833908554279,2401.0,261.84903144729816,920.4869498771641,873.0,111.0,2290.0,195.30647840307176,973.4398714077437,-0.008557512463825585,1579874662960.0,0.024180668518465554,100288.95835215983,1271.3553513230531,833915.3301229487,118.22621918756711,602.1636585204129,30.124848867272664,0.904634904825633,3.9375662580287107,3.5080856956794255,14.230179087180307,0.3460776190822879,0.2615227221460235,0.996584555880208,0.9607772397254017,-0.2338166111754396,0.9581367771019599,0.2624693451442449,33.59082063157544,0.0017522503526096163,9.789729810302125,0.9127365350166854,0.006045627229145019,67.181641263151,6.516838232073814,158.07212684692146,8.408619192178243,246975.28088053243,0.14813207799156727,5.611127186159892,40315.558116770946,160.54979387811753,1272.0836070352386,19.628805036275,32256.493726848297,0.04977783672289693,0.0023203297990823956,0.23320550938408785,260.2282358994533,0.0005262296709192934,35882.4106800929,0.02406089491526027,156.07889361550008,1244.4254835977424,1.4013234645178063,1860.888443542541,0.0032897958921179376,0.0023051543206764297,6.085014617624825,1220349.2143526482,0.8177920241062154,0.8944608098611305,0.14987963894386633,0.9227902494477305,1130.8331629671034,0.0021164163855620487,10228.33005662799,0.023825988442923576,130.05209029801904,1080.2532908759285,8724.149543551839,23461142.062374648,4.432205634497224,0.0023162607585174777,145592.89925295778,0.339145756518177,0.6026677221317716,659.688122577424,0.001369960783397532,7.908599235758438,0.25748351790718205,8709.066078138745,18.841876115310622,1.4134705426012631e-05,7560.219955458604,0.07582842085375122,0.057043442141422374
data_MRI\test\mri_00490864.h5,mri_00490864,test,490864,269.0,1399.0,1574473765573.0,5.764421868364535,653.0,1.9702416832736844,3433.0,334.14650197330485,887.3551045305362,934.0,100.0,3333.0,261.6492794821663,971.7745653221218,-0.22456668270812588,1574473765573.0,0.01958913086699971,156946.72427059992,1263.9017158738766,1808879.5982422272,-7115.149147350981,954.7062212263035,45.68710176326208,0.9086396007647161,4.745996209037055,3.7711727079652997,22.530766645959503,0.32498850738788143,0.24215194606740995,0.9974928310916764,0.9668882244350525,-0.22991265402486677,0.9601755674395593,0.24031680796660573,32.19698135117394,0.0013779720187816872,10.195186082419943,0.9126153759071874,0.008038268822592854,64.39396270234802,6.743541747625978,250.09833074739103,8.517159359927836,259873.09582405665,0.15586799440523916,6.575679383727883,32660.252685837397,251.19714270883148,1276.1140497245788,19.412550142029097,25082.10650442881,0.26066903001196157,0.005805966851022054,0.2792111450947009,313.1257245274223,0.000984872510548254,29023.026990793485,0.019327347991779854,239.17707213785368,1268.1178763337966,1.38028769205903,1773.9761406381317,0.009514565551732097,0.005307625598363756,6.2637059802071855,1248236.3310176511,0.830783329795161,0.9006593113951037,0.1461577978558353,0.9287476551746667,1170.8991022409934,0.004629685687298516,10980.52042671515,0.020970078809221717,168.79437179151785,1092.9199794510607,4865.610689267954,10456962.796758385,39.72812744474928,0.0033492293659981905,202653.32714446133,0.38701774378845544,0.6457892991684213,687.7461486322728,0.002135432694419672,7.811181265057648,0.31406423937660743,4855.472438654077,14.64013624542473,1.4684733037434615e-05,14793.149680870298,0.09336494041821844,0.1129410222318063
data_MRI\test\mri_00539274.h5,mri_00539274,test,539274,532.0,1338.0,1554552785036.0,5.497367116229113,478.0,2.3144583546557556,3108.0,255.63815863943188,916.1822206921039,882.0,79.0,3029.0,195.09381879471013,965.6073217191794,-0.11048063121038593,1554552785036.0,0.024882809735051074,93007.63824537183,1315.4847909341734,708039.3328061732,-1259.8645670239466,556.3928857553008,28.904118757217848,0.9011421731759348,3.8354750665407034,3.4783912003237707,13.823680238227514,0.3545964586344722,0.27176742521739194,0.9980814380245682,0.9703436637723397,-0.23478178464829796,0.9574182017870944,0.2696129213783366,34.40363832064337,0.001940817014467545,9.679656395902269,0.9095593785116142,0.008219345228901973,68.80727664128686,6.456727541201341,146.3242511281302,8.413117080647002,236153.7890304115,0.14164150910138495,6.980087380174559,41486.212890100185,148.90005340293652,1316.3118912181874,22.379181701278263,40329.11478985931,0.043740781364896834,0.0021226044316190206,0.22918113864433298,259.52557500730603,0.0005033963072499727,36523.202621644996,0.024681758104928713,144.48090025347602,1278.00424613856,1.439552736470333,2008.485071417252,0.003012159142600709,0.002134759468313829,6.05293258437661,1198759.342868377,0.8095917478266662,0.8875320008385917,0.16845489687640025,0.9187807462126459,1150.6899562747726,0.00196734043886258,10567.956556544228,0.025029087567929643,120.89585863142015,1097.2134302164475,18146.368024782878,47688454.316149846,7.416864667104506,0.0022594919322694853,143375.98889933614,0.33957086803860514,0.6030505743563278,672.4435319568327,0.0013507559861595374,7.855602053152747,0.25324543683543815,18130.775489240503,12.50004168846438,1.4062684274888634e-05,13954.33733130365,0.04182803710037128,0.13985557971669507
data_MRI\test\mri_00592344.h5,mri_00592344,test,592344,402.0,1325.0,1513098464760.0,5.674488919637598,536.0,2.4421025793793074,3835.0,282.2958400667356,890.4199035065833,894.0,97.0,3738.0,215.32384144263685,952.6456942302134,-0.12702979608579487,1513098464760.0,0.021091268573021602,114686.21417469223,1272.822649883865,1113903.368613713,-2654.8351877031705,691.1169990738659,36.677417848205785,0.8991629713350011,4.330421816457081,3.632300135442048,17.41366738351374,0.3291286909324598,0.24348646775008728,0.9984091655800618,0.9728058941083612,-0.22808951215829135,0.9574982262421788,0.24512882786408816,33.30483077731493,0.0013726465927589718,10.042301772280991,0.9073508265264528,0.005239070802641665,66.6096615546301,6.639127388131958,181.94860423051847,8.44658403533236,264587.1758629707,0.1586954290760016,5.259436026874753,35164.71280613029,183.58847957622413,1281.6568341906261,17.662830841426434,28766.722868124063,0.060014495114809364,0.002606983919704323,0.26027467930157155,285.6581933961735,0.0006131464866759458,31727.71906478788,0.021074113802412062,179.01724375171383,1255.757184866112,1.363723535547424,1816.907113891145,0.0036907896780432525,0.0025576224247684377,6.165566595089574,1253126.1047945311,0.8318584363280433,0.9030059472838782,0.13597494313924474,0.9293650726551399,1149.9948295149604,0.00234493831367815,11355.470276339081,0.02326482961618018,145.74330452731002,1053.1437647511964,6162.548351144037,15595518.61819806,3.6147401818767726,0.0023741174006005577,172855.99763161346,0.35414344233842,0.6165040588405875,653.9817373615685,0.0014379463160329087,7.876349852044397,0.29275267744040534,6150.880302028237,9.118663961227664,1.542870039800204e-05,25598.36739429582,0.03613245335859051,0.2997680731735643
data_MRI\test\mri_00599436.h5,mri_00599436,test,599436,506.0,1368.0,1523633057380.0,5.573526415615639,490.0,2.300256779768394,3143.0,266.4201370289998,901.5518022340793,848.0,129.0,3014.0,201.98740878907896,955.9562279519821,0.1383908693502029,1523633057380.0,0.023499061170325544,101056.65764866555,1156.4491498111665,836633.672595031,2035.4766043956047,607.0072381452362,31.90538359413432,0.9000550559403813,4.044543732434458,3.538301035036427,15.12499108840149,0.3385347755076725,0.25258150856588324,0.9978532554371484,0.9685598713412926,-0.22822734538297657,0.9557065729590316,0.25533819821920545,31.82249731092617,0.0015937185393742463,9.857126609942782,0.9064026325688361,0.005274828676316828,63.64499462185243,6.532066582094031,159.72815543484282,8.382072858318965,258102.639439225,0.15480610115688037,4.9487801945918894,39179.13872308165,161.76906412225583,1159.194188202948,17.926749452996045,26438.604451964417,0.06055939911125044,0.0027433330147488577,0.24103654032530542,255.53255541552812,0.0006047743002592941,35273.11480931713,0.023509750874958126,157.23991745247739,1137.7080244138854,1.3737675269575362,1652.4781608267815,0.0038831023712632235,0.002702225303481622,6.079946892497361,1238777.0133745086,0.8251805397817237,0.8999040436215353,0.13764291448813995,0.926334216205909,1040.267464251418,0.0024765793950491622,10797.863648511171,0.024249440577141214,128.41650144447414,1030.819002746568,5609.395975143897,14311131.833618172,3.4500854683548563,0.002546178512731283,151428.37739370242,0.34007221787874775,0.6036001259493166,641.2763897182382,0.001496676194706761,7.896565022940358,0.2670740806494952,5595.376346314382,13.355731036196786,1.3984177690194375e-05,16450.851155326312,0.04383631330216761,0.16406413186646696
data_MRI\test\mri_00790224.h5,mri_00790224,test,790224,310.0,1439.0,1654233828558.0,5.834490027238681,671.0,1.9266975744839954,2797.0,339.1377576446137,911.8846421442555,949.0,94.0,2703.0,265.92592856471146,996.0846842206676,-0.16252035520599153,1654233828558.0,0.018369031571617074,160651.09756043006,1403.3354602435077,1837203.4303739564,-5300.903403473994,973.0423532683477,48.629119962418834,0.9047685242244623,5.047241118273044,3.8386858045992134,22.488927671483204,0.3012019582657573,0.21423558785023553,0.9959914470135222,0.9573371374572025,-0.21723298912873423,0.9555217649551958,0.21808653758359353,34.23784039000816,0.0010385849744318583,10.396020462179106,0.9073476331169192,0.004320547110634233,68.47568078001645,6.810187335983725,255.41786830769132,8.418156954220892,297641.348080448,0.17852082698387775,3.9704605553705083,30626.02505422057,257.1126372377088,1412.7923718139418,13.857912124294653,21236.406532498753,0.07841482806120176,0.0033381635509833747,0.30165581918936,380.3214474460893,0.0007701949608668634,28034.22188126626,0.018326049997255255,249.41162532509753,1402.1046256213149,1.2964077672973529,1855.7516063983155,0.004673929773195105,0.0032082671503510535,6.2688870749763685,1305597.2429914675,0.8531462831566953,0.9175218524757651,0.10772516487974954,0.9392643266494736,1309.101195946762,0.002929084593333591,11398.125914696058,0.019953724107879968,184.10174236157079,1235.3408148760216,1641.6082720034733,4218740.994991492,6.985650012137754,0.0024500071283174766,219129.24561120954,0.3836108272199709,0.6428476207137132,774.4901645688508,0.0015736477710227548,7.879935874201501,0.3426140071398411,1633.0892493842025,15.759627826363163,1.3647457484887707e-05,15224.828447285365,0.10876499802132171,0.08750125643846207
data_MRI\test\mri_00809576.h5,mri_00809576,test,809576,302.0,1444.0,1592010778734.0,5.833782146129439,707.0,2.013804491848528,3446.0,353.01191644094604,886.6090037330621,916.0,126.0,3320.0,283.01049167516493,977.1715529503444,0.003700487219319423,1592010778734.0,0.018289607076817063,168788.71839485492,1216.7759950599745,2084835.3309439085,-681.084584047566,1027.302457742762,49.52195101530575,0.9080008020000881,4.990019836452675,3.8305522312787894,23.914259643903545,0.3115173834211425,0.22711630289138793,0.9972480255398349,0.9650072333222627,-0.22740158633612986,0.9602872578692269,0.22860091391019435,31.18219446478125,0.001164354121267745,10.335877946078599,0.9137448619351962,0.005972989394465076,62.364388929562715,6.811803469608322,269.20610218951873,8.474060602122353,278498.9681598115,0.16703951393409294,5.252523254876231,30493.60345332233,270.1569177468476,1230.2020153976814,16.465033731910484,21911.41554007044,0.20736503712372995,0.005913714323834013,0.2953824713155669,322.59079179990897,0.001101900602995028,27540.682044406407,0.01815869049106741,259.54179717228055,1219.0830503902987,1.335181636506955,1667.0298737730034,0.009044681892849434,0.0055110943078092774,6.295810187999593,1279187.8401994777,0.8430137685606724,0.9096727425198501,0.12562613822967583,0.9344996540021699,1130.9766573111488,0.004899427324718011,11595.58390457886,0.020770082385777214,180.20414202723595,1063.8082871948457,3042.4401817716102,5226146.523170148,53.01841628475252,0.003518339886837283,218010.6272284845,0.39050199849983697,0.6486386117807326,681.7762894142369,0.002228754688174219,7.80898275637761,0.33484978983532304,3033.521514980608,11.712004568663104,1.5097698358178225e-05,23660.550979988362,0.0705574155658185,0.20720513542562777
data_MRI\test\mri_00827216.h5,mri_00827216,test,827216,502.0,1337.0,1527382972246.0,5.5369941389875015,503.0,2.168707895933068,2892.0,263.53742096345917,904.8364578135196,864.0,112.0,2780.0,202.8265966861602,957.1318888152211,-0.018056515814844937,1527382972246.0,0.02381870925599876,97372.43719847561,1220.8547843843714,714587.5875231449,-119.9815178424104,577.2920276648927,36.51690823278461,0.8809224950063188,4.3863617389386125,3.646903881031124,16.867730727837372,0.32118990552305654,0.2335418374550322,0.9971354191240351,0.9634678064248305,-0.20260113799313872,0.9408094947849311,0.23802043047015076,32.949336767023745,0.0015043305276332061,9.930545034516912,0.8880879928819747,0.004963349274926653,65.89867353404756,6.484583895644681,153.45223397441896,8.236605574784798,277892.2562893459,0.16667561723239144,4.065471877873961,39712.07646899351,155.88137676913774,1226.0517566504166,15.261158400829142,23239.41141534874,0.03293849901102989,0.002183756756111052,0.26615895360118347,292.3327520538814,0.0006135705507088371,35939.62892553236,0.023693936718127116,153.15906408431576,1206.5213470337974,1.3272704123256671,1678.6823676447093,0.0028862522084891784,0.002189057899370562,6.011581435395135,1273898.4328913332,0.8395246497038306,0.9097694001854352,0.11823637941240811,0.9331104204237891,1112.947278394506,0.002046449150319966,11812.821091974669,0.023839915343052694,130.84604760207966,1056.8548271867546,9658.420979766139,24483370.88792063,4.423935125532192,0.00235931310912196,177973.6914911222,0.3591756537582233,0.6212703420754461,671.5248515392956,0.0014738837876944676,7.803054008297186,0.29719708456489197,9647.099298859679,16.72181270583994,1.1707851129167496e-05,15965.714255547377,0.05852618508063154,0.10104509961517329
data_MRI\test\mri_00864608.h5,mri_00864608,test,864608,500.0,1360.0,1546759320521.0,5.567502432764204,496.0,2.458176632755946,3936.0,268.04528052397114,908.4128602308932,862.0,90.0,3846.0,204.07808546960834,963.1838331050135,0.031759911323191024,1546759320521.0,0.023607282466199576,102509.17172199409,1307.578093467559,877789.1727317756,470.8808411212019,612.7536207004325,33.27470866610602,0.8969043270574476,4.094012487716794,3.563414467610893,16.087894626426994,0.3429440418015875,0.2592136789060799,0.998630042994981,0.9748697548251164,-0.22728297435069234,0.9551806269788509,0.25831641359974417,34.09847656498882,0.0016878491258110232,9.848388370433348,0.9167448094314102,0.006365714448457276,68.19695312997786,6.526996449400607,161.50708234163463,8.440790826807815,246843.24837098384,0.14805288686793683,6.36943588018108,39359.57219372577,164.106323868835,1310.3502090850639,20.470864842040612,36433.556184863344,0.03891658050647536,0.002085533523177459,0.2446802641542456,280.60174009685505,0.0005299986657074878,35003.39955546164,0.023482863310384235,159.6111680505107,1275.8181519838458,1.4077861091594746,1945.389597346715,0.002891835205263094,0.0020987376751850605,6.097926021515747,1221730.5339098903,0.8191161913716972,0.8940312714999868,0.1551348515621684,0.923327309591559,1156.664316316517,0.0019447705599446538,10751.762660343826,0.02364854274151393,136.91098252953256,1111.256679893016,12459.27057415847,34180913.00807878,4.8874467443928635,0.002224198294040959,159508.577132199,0.35083972024994936,0.6133944532754722,696.6952309240944,0.0013489984347592426,7.8586877186624156,0.2726910675214003,12445.822559437982,9.533606656462101,1.3811347802051543e-05,27006.30012446477,0.03070212788178916,0.31351362036143254
data_MRI\test\mri_00903585.h5,mri_00903585,test,903585,500.0,1376.0,1565185330714.0,5.557813237414841,506.0,2.199933443483431,3075.0,273.09179456038635,912.9645539038809,860.0,85.0,2990.0,209.44797265959053,968.9038866477028,-0.0063069808750070705,1565185330714.0,0.024008764717191444,105270.46487611246,1327.246233446942,860676.7372764933,128.70752057800394,628.7543208337714,31.979275790578527,0.9030903598611313,3.999282616923002,3.5403446797957727,15.570092517487156,0.352763557587345,0.2711834994219464,0.997845316206511,0.9689415209405838,-0.2350533297273572,0.958595711851664,0.266006779136287,34.32272166228727,0.0018827116992881064,9.781080820521833,0.9118423867118062,0.008151967681767019,68.64544332457456,6.520018864572878,165.18339915608763,8.49529369906965,233560.2418021381,0.14008593828100296,7.9852409297284215,40028.949097443474,168.5141743495842,1327.1114580534336,23.785368124064334,45236.34553136156,0.04082278791232308,0.0022054725707546376,0.23752114204951097,271.4892362396383,0.0005584390225152134,35095.72252005933,0.023769331447019378,162.59235894744708,1281.9021158335127,1.4559576657232083,2072.671852924321,0.0030948375665523845,0.002241916884317761,6.118387588449465,1195596.1017335304,0.8091815429733741,0.8855793314445333,0.17899254823631228,0.9184616230963007,1150.5723970725298,0.0020800528914372727,10246.60464496617,0.023335522615551777,136.68070870251057,1112.7747273393927,17227.935645492245,47852889.5848681,6.666027092735238,0.0024173040167053193,155231.77847592457,0.35352341607684046,0.6158276783459058,699.0082063920619,0.0014637807992380976,7.8436333015822814,0.263365009980423,17213.518348342022,13.183036074782468,1.3931862871067064e-05,14071.380505940044,0.051582997003564585,0.12749380992207265
data_MRI\test\mri_00938957.h5,mri_00938957,test,938957,525.0,1344.0,1564406491844.0,5.497631853559243,490.0,2.327138122898623,3399.0,258.64892376421267,918.4262024490423,881.0,113.0,3286.0,198.81332419827044,968.662792544718,-0.053677109143225744,1564406491844.0,0.024828500896922245,94800.91631556208,1256.8502766526515,721413.4570007372,-577.2547829229109,564.1659366813885,30.981714484982202,0.8957831978333544,3.9814711900752253,3.524521914987029,14.71812159359601,0.3468343596061593,0.2631879024093362,0.9982434739633255,0.9714731040656983,-0.2268668645469198,0.9532853459810499,0.26132025877033543,33.51942293024915,0.0019024645883953576,9.721664150193934,0.9048892891738356,0.008783126718019462,67.03884586049853,6.4560098808953805,148.78691279159298,8.366837745172381,244880.96968086637,0.1468759414710966,6.746045416647076,41395.66571940616,151.74924279524163,1257.776619659514,21.308966066561744,37149.06611790334,0.039961404572801326,0.0022462147121972468,0.2382533328091091,259.17133721425967,0.000566400095347383,36467.11238836261,0.024528916537411148,147.36799086365593,1221.5319696985048,1.421226671679333,1895.3636806485335,0.003109427772244001,0.0022710765150056197,6.0384316239966855,1214517.4807033506,0.8164004834652471,0.8916869424767392,0.1618670025710608,0.9220032705060218,1104.1291645810338,0.0021072345269845623,10885.293676138559,0.024601368409708654,125.66325124402975,1055.1089233773366,18971.759231761916,48315765.541430205,7.722706141965072,0.0024569791661406483,151041.517046469,0.34136221920836807,0.604635675949536,648.9726516066971,0.0014692611520206792,7.8541862419387645,0.2653850859851829,18957.560584365674,11.908000398955856,1.3781403432508978e-05,17106.249716963794,0.03828082172407351,0.17685566358806928
data_MRI\test\mri_00940715.h5,mri_00940715,test,940715,467.0,1384.0,1586420978046.0,5.619927764423637,526.0,2.211856041377553,3420.0,282.68863768920517,915.635571811063,876.0,92.0,3328.0,216.98288354206431,975.4545428069288,-0.060298798516824764,1586420978046.0,0.022534744972443146,113123.06471690224,1346.6358386836725,1009377.555251058,-1031.3569989091354,679.0157057942724,33.22311683285385,0.9066217329566484,4.029561040480467,3.550637050168093,16.553031140854305,0.35272097398083946,0.2713075789153143,0.9981752644617843,0.9716213039233198,-0.24301859010663385,0.9632839536207775,0.26598783552129207,34.42651113771362,0.0017799896330283138,9.85165010628815,0.9183299650975005,0.008939595403149645,68.85302227542748,6.585606593944205,178.05970565678126,8.542651923847336,234120.88020733368,0.14042220080763076,8.15520725426976,37571.369041735445,181.08382683649006,1346.9698374102722,23.998057896050057,46754.21543738724,0.06190035482319932,0.0023936955823136816,0.23875327483187989,269.04905542397444,0.0005554253514593067,33016.72758099771,0.022366609343624208,173.59560644618992,1297.950506630544,1.457677024257331,2113.329725510399,0.00352887474945388,0.00237946611352024,6.1738432557937735,1195393.0482342087,0.8092258233257864,0.8853727747052381,0.1800920900241104,0.9184610586940191,1162.6534125681765,0.002175800659911004,10311.197216866763,0.023278257374054107,137.96861437805543,1088.2628060701563,17160.82410814667,48569741.31207078,7.73540951990865,0.0023646621956803617,155898.73843785134,0.35195243397249226,0.614485693947786,681.1021492887322,0.0014322887409344504,7.867369161830854,0.2656771812982227,17146.656664623155,11.017200471044555,1.4916738758286996e-05,17267.879446438626,0.04644690966867001,0.1753060006596873
data_MRI\test\mri_00957886.h5,mri_00957886,test,957886,522.0,1368.0,1543328869298.0,5.520038085643718,500.0,2.12541992772384,2858.0,266.5163442847001,909.2929206172507,849.0,108.0,2750.0,205.8378651223599,962.1151506140033,0.09361496770358217,1543328869298.0,0.02457822736825537,98851.94755635617,1240.3190891591403,745896.2168451763,1578.5430779423662,594.5845336728861,28.114476431851717,0.909616010687227,3.7993167127367777,3.4636189132448036,13.306134151196586,0.3550028301024508,0.2718546941332639,0.9977473864537298,0.9678556656442914,-0.24109009584609178,0.9606719980053033,0.2703054120051969,33.1466268360279,0.0019114259902315385,9.684614289080185,0.9182703256386954,0.007631471597343408,66.2932536720559,6.482589387639824,155.67475252618434,8.423516411690665,236769.60381439293,0.1420108655944067,6.675422312183292,40978.39367490691,158.24231921940498,1240.1022903391424,21.97886237572454,37669.82776992726,0.03965068865723035,0.0021316814431972583,0.22568790272203104,245.87885291538313,0.0005032376497364624,36174.04954991829,0.024432980441511022,152.6956380295607,1204.213758775687,1.4361854351327474,1888.3876957557618,0.0029847045426011493,0.002155248217291561,6.072485179691421,1199559.0796969628,0.8096364901573465,0.8880014941106645,0.16621311925024343,0.9188110158262379,1084.6107906839472,0.0019932617700966094,10166.842192188924,0.02458484694912699,123.17667492362146,1058.9544833523157,14487.176744264776,38674177.17379655,5.846152357341222,0.0023060226855336997,139436.87259788025,0.3371778677274569,0.6008292255915084,653.3906671428838,0.0013522875960326345,7.8822337559500095,0.24803570400368508,14470.9223197289,14.901165196145442,1.4223458922580623e-05,11029.32060836221,0.05293688317504976,0.10339647445899088
data_MRI\test\mri_00971022.h5,mri_00971022,test,971022,343.0,1379.0,1540711215914.0,5.747858487867621,582.0,2.0191323197307622,2870.0,306.41844822747527,889.2856812118537,904.0,128.0,2742.0,235.66857071204944,961.2988784499431,-0.14634066326942405,1540711215914.0,0.019400596440693835,133266.51090068804,1174.803142103393,1357379.5359287178,-3760.334742008207,816.0250763897984,33.46657419943329,0.9211902159955679,4.219537692617793,3.591523596960238,15.163152714086443,0.33010785627354977,0.24383413734202916,0.9972714095198195,0.9641543755339224,-0.24486475161655022,0.9662282460920427,0.2461562360026917,31.291561934237436,0.001245574705245355,10.082463056858815,0.9235297891180086,0.004441338541934526,62.58312386847494,6.721105447701903,212.3729126473078,8.494581804121758,266910.4722179571,0.1600889074663383,5.004874445185326,32345.916024096965,213.31683937954588,1179.992779187939,17.32832352884726,22786.446600538366,0.1758865239852158,0.005047568948692999,0.25430578335562354,265.41539593766765,0.000861701688033653,29364.394743744226,0.01949525856913251,205.10108298925664,1167.5096283068556,1.360167785195725,1635.034641798727,0.007767259280740414,0.00472903586213183,6.232947773643172,1253641.3872893471,0.8317921275100673,0.9034431905758821,0.13362581035926738,0.9293651431121286,1076.205117624963,0.004194379609979201,10796.056231079507,0.022633431372756807,143.17921585315645,1011.9907923756174,3818.7470460968225,9156350.619361589,16.21225595798489,0.0032329152823767525,163684.54522050498,0.3431570604795533,0.606233913768784,605.4277626212129,0.0019303703563467443,7.936013943477547,0.28609506352923114,3806.5296326367793,13.964703918531516,1.7186171307110537e-05,10994.845582417238,0.07354231136923506,0.10820809590475428
data_MRI\train\mri_00004519.h5,mri_00004519,train,4519,300.0,1441.0,1622473876330.0,5.854771153680437,671.0,1.9984456478028174,3434.0,342.4794252767564,899.8384706921039,938.0,86.0,3348.0,267.63147477200954,986.4763322125071,-0.12536025593176112,1622473876330.0,0.01799167917532586,163426.2806779365,1373.0618725639556,1948948.923636538,-4401.644448530718,986.7041587164136,53.4259915972649,0.897238298043487,5.233237702069295,3.893526547422293,25.332903945093342,0.2990577251723296,0.2130770393565365,0.9971164981009616,0.96388059270511,-0.21216087319896054,0.9531983114956007,0.21628849214068607,33.760033655220035,0.001004683321962295,10.461768168579804,0.9024996553417203,0.004923057549504641,67.52006731044037,6.8263376166275185,260.032537578419,8.444279163875795,297872.2824459714,0.17865933796085764,4.284265117050085,29996.878988570497,261.559448090106,1384.726670761199,14.19797944416721,21200.574037464972,0.10965999655756414,0.004002623599455046,0.30947002745394736,384.3858774087599,0.0008916157080536174,27472.49053234751,0.017962027879845174,253.21655719144385,1374.2502841638448,1.298759462125068,1821.5178439402987,0.005759026054110253,0.003800427380188075,6.2881530774479355,1306270.6645814383,0.8537335269901882,0.9173613407723902,0.10965249451725798,0.9394859103761367,1283.3150514724043,0.003443272766868175,11624.581675523634,0.019780697216859773,189.45264228679918,1216.190903784928,2127.021928861799,5286214.099027861,13.81071515970482,0.0027721456277572613,230722.8294459674,0.3926041003176382,0.6504743497477768,777.0024109782838,0.0017817821382578264,7.848165841625948,0.3524774720740087,2118.97301518322,12.224553036861083,1.3527583549140199e-05,25751.363639758587,0.07909212495470912,0.16763082737825824
data_MRI\train\mri_00014004.h5,mri_00014004,train,14004,509.0,1319.0,1517729225983.0,5.501782551286564,505.0,2.257881930971387,3310.0,262.55646353682516,902.6590096109554,867.0,97.0,3213.0,203.97415325198241,954.102342533042,-0.08645962425066003,1517729225983.0,0.024653670373578455,95517.9923952074,1279.014787601231,719257.4029915122,-1136.2204444033066,569.8837448252084,33.98172884780745,0.887389231561252,4.120945823821556,3.5756101604453665,16.59919944815704,0.3428893160836123,0.25935004997036337,0.9980160318964676,0.9701384327319557,-0.2198603044222578,0.9502562558151483,0.25949683074526253,33.83840272296774,0.0018181793818128123,9.774271343130934,0.8982482877365331,0.00761648007403557,67.67680544593554,6.461739014414038,150.96636841825446,8.345515612794753,245589.36867826572,0.14730082858999277,6.109024341615853,41104.177081733906,152.9169913322175,1283.659990259491,20.105978417335226,34332.32323135388,0.044089568713050795,0.002090390686274977,0.2461539635588414,272.39283129593065,0.0005250569275980903,36407.004287496195,0.024409671373052968,148.75014197247108,1251.1641611347534,1.4019012288189454,1891.3493666939992,0.002941826240138786,0.002086347682968832,6.032215362958331,1221701.7972250977,0.8186851858130257,0.8945672947738609,0.15103328210671327,0.9232024741461552,1134.5115551198164,0.001923451976868314,11328.789562914373,0.024878918217825514,122.67672307922989,1066.0910164991424,17949.757601178855,45448927.83936999,8.418856731651724,0.002179077776792339,162969.2046350446,0.35789326755720147,0.6199585093645046,674.2285997434947,0.0013475424807176597,7.754752205637618,0.2731163151126636,17936.351431514544,13.142290090001707,1.2633104140214638e-05,18016.12416936799,0.04370105051910675,0.15271688205796485
